,ID,Timestamp,Type,Occurences,StackFrame0,StackFrame0_Function,StackFrame0_File,StackFrame0_Line,StackFrame1,StackFrame1_Function,StackFrame1_File,StackFrame1_Line,StackFrame2,StackFrame2_Function,StackFrame2_File,StackFrame2_Line,StackFrame3,StackFrame3_Function,StackFrame3_File,StackFrame3_Line,StackFrame4,StackFrame4_Function,StackFrame4_File,StackFrame4_Line,StackFrame5,StackFrame5_Function,StackFrame5_File,StackFrame5_Line,StackFrame6,StackFrame6_Function,StackFrame6_File,StackFrame6_Line,StackFrame7,StackFrame7_Function,StackFrame7_File,StackFrame7_Line,StackFrame8,StackFrame8_Function,StackFrame8_File,StackFrame8_Line,StackFrame9,StackFrame9_Function,StackFrame9_File,StackFrame9_Line,StackFrame10,StackFrame10_Function,StackFrame10_File,StackFrame10_Line,StackFrame11,StackFrame11_Function,StackFrame11_File,StackFrame11_Line,StackFrame12,StackFrame12_Function,StackFrame12_File,StackFrame12_Line,StackFrame13,StackFrame13_Function,StackFrame13_File,StackFrame13_Line,StackFrame14,StackFrame14_Function,StackFrame14_File,StackFrame14_Line,StackFrame15,StackFrame15_Function,StackFrame15_File,StackFrame15_Line,StackFrame16,StackFrame16_Function,StackFrame16_File,StackFrame16_Line,StackFrame17,StackFrame17_Function,StackFrame17_File,StackFrame17_Line,StackFrame18,StackFrame18_Function,StackFrame18_File,StackFrame18_Line,StackFrame19,StackFrame19_Function,StackFrame19_File,StackFrame19_Line,StackFrame20,StackFrame20_Function,StackFrame20_File,StackFrame20_Line,StackFrame21,StackFrame21_Function,StackFrame21_File,StackFrame21_Line,StackFrame22,StackFrame22_Function,StackFrame22_File,StackFrame22_Line,StackFrame23,StackFrame23_Function,StackFrame23_File,StackFrame23_Line,StackFrame24,StackFrame24_Function,StackFrame24_File,StackFrame24_Line,StackFrame25,StackFrame25_Function,StackFrame25_File,StackFrame25_Line,StackFrame26,StackFrame26_Function,StackFrame26_File,StackFrame26_Line,UniqueBugsAtTime,BugDiagnosis
0,6572642506292797400,277003713,fence (unnecessary),44,mfence at src/clht_lb_res.c:139,mfence,src/clht_lb_res.c,139,clflush at src/clht_lb_res.c:146,clflush,src/clht_lb_res.c,146,clht_create at src/clht_lb_res.c:319,clht_create,src/clht_lb_res.c,319,_Z3runPPc at example-nothread.cpp:81,_Z3runPPc,example-nothread.cpp,81,__klee_posix_wrapped_main at example-nothread.cpp:204,__klee_posix_wrapped_main,example-nothread.cpp,204,__klee_posix_ctor_stub_insert_point at runtime/POSIX/./klee_init_env.c:491,__klee_posix_ctor_stub_insert_point,runtime/POSIX/./klee_init_env.c,491,__user_main at runtime/POSIX/./klee_init_env.c:499,__user_main,runtime/POSIX/./klee_init_env.c,499,__uClibc_main at libc/misc/internals/__uClibc_main.c:401,__uClibc_main,libc/misc/internals/__uClibc_main.c,401,main,main,,0.0,,,,,,,,,,,,,,,,,,,,,,,,,,,,,,,,,,,,,,,,,,,,,,,,,,,,,,,,,,,,,,,,,,,,,,,,,1,mfence at src/clht_lb_res.c:139
1,13082457854891606678,277006363,flush (unnecessary),396,clflush at src/clht_lb_res.c:154,clflush,src/clht_lb_res.c,154,clht_create at src/clht_lb_res.c:319,clht_create,src/clht_lb_res.c,319,_Z3runPPc at example-nothread.cpp:81,_Z3runPPc,example-nothread.cpp,81,__klee_posix_wrapped_main at example-nothread.cpp:204,__klee_posix_wrapped_main,example-nothread.cpp,204,__klee_posix_ctor_stub_insert_point at runtime/POSIX/./klee_init_env.c:491,__klee_posix_ctor_stub_insert_point,runtime/POSIX/./klee_init_env.c,491,__user_main at runtime/POSIX/./klee_init_env.c:499,__user_main,runtime/POSIX/./klee_init_env.c,499,__uClibc_main at libc/misc/internals/__uClibc_main.c:401,__uClibc_main,libc/misc/internals/__uClibc_main.c,401,main,main,,0,,,,,,,,,,,,,,,,,,,,,,,,,,,,,,,,,,,,,,,,,,,,,,,,,,,,,,,,,,,,,,,,,,,,,,,,,,,,,2,clht_create at src/clht_lb_res.c:319
2,15580496728865193958,277019879,fence (unnecessary),44,mfence at src/clht_lb_res.c:139,mfence,src/clht_lb_res.c,139,clflush at src/clht_lb_res.c:159,clflush,src/clht_lb_res.c,159,clht_create at src/clht_lb_res.c:319,clht_create,src/clht_lb_res.c,319,_Z3runPPc at example-nothread.cpp:81,_Z3runPPc,example-nothread.cpp,81,__klee_posix_wrapped_main at example-nothread.cpp:204,__klee_posix_wrapped_main,example-nothread.cpp,204,__klee_posix_ctor_stub_insert_point at runtime/POSIX/./klee_init_env.c:491,__klee_posix_ctor_stub_insert_point,runtime/POSIX/./klee_init_env.c,491,__user_main at runtime/POSIX/./klee_init_env.c:499,__user_main,runtime/POSIX/./klee_init_env.c,499,__uClibc_main at libc/misc/internals/__uClibc_main.c:401,__uClibc_main,libc/misc/internals/__uClibc_main.c,401,main,main,,0.0,,,,,,,,,,,,,,,,,,,,,,,,,,,,,,,,,,,,,,,,,,,,,,,,,,,,,,,,,,,,,,,,,,,,,,,,,2,mfence at src/clht_lb_res.c:139
3,8785188385246331082,277022479,fence (unnecessary),44,mfence at src/clht_lb_res.c:139,mfence,src/clht_lb_res.c,139,clflush at src/clht_lb_res.c:146,clflush,src/clht_lb_res.c,146,clht_create at src/clht_lb_res.c:320,clht_create,src/clht_lb_res.c,320,_Z3runPPc at example-nothread.cpp:81,_Z3runPPc,example-nothread.cpp,81,__klee_posix_wrapped_main at example-nothread.cpp:204,__klee_posix_wrapped_main,example-nothread.cpp,204,__klee_posix_ctor_stub_insert_point at runtime/POSIX/./klee_init_env.c:491,__klee_posix_ctor_stub_insert_point,runtime/POSIX/./klee_init_env.c,491,__user_main at runtime/POSIX/./klee_init_env.c:499,__user_main,runtime/POSIX/./klee_init_env.c,499,__uClibc_main at libc/misc/internals/__uClibc_main.c:401,__uClibc_main,libc/misc/internals/__uClibc_main.c,401,main,main,,0.0,,,,,,,,,,,,,,,,,,,,,,,,,,,,,,,,,,,,,,,,,,,,,,,,,,,,,,,,,,,,,,,,,,,,,,,,,2,mfence at src/clht_lb_res.c:139
4,3716135903083716437,277025031,flush (unnecessary),88,clflush at src/clht_lb_res.c:154,clflush,src/clht_lb_res.c,154,clht_create at src/clht_lb_res.c:320,clht_create,src/clht_lb_res.c,320,_Z3runPPc at example-nothread.cpp:81,_Z3runPPc,example-nothread.cpp,81,__klee_posix_wrapped_main at example-nothread.cpp:204,__klee_posix_wrapped_main,example-nothread.cpp,204,__klee_posix_ctor_stub_insert_point at runtime/POSIX/./klee_init_env.c:491,__klee_posix_ctor_stub_insert_point,runtime/POSIX/./klee_init_env.c,491,__user_main at runtime/POSIX/./klee_init_env.c:499,__user_main,runtime/POSIX/./klee_init_env.c,499,__uClibc_main at libc/misc/internals/__uClibc_main.c:401,__uClibc_main,libc/misc/internals/__uClibc_main.c,401,main,main,,0,,,,,,,,,,,,,,,,,,,,,,,,,,,,,,,,,,,,,,,,,,,,,,,,,,,,,,,,,,,,,,,,,,,,,,,,,,,,,3,clht_create at src/clht_lb_res.c:320
5,18207336485545548243,277029859,flush (never modified),44,clflush at src/clht_lb_res.c:154,clflush,src/clht_lb_res.c,154,clht_create at src/clht_lb_res.c:320,clht_create,src/clht_lb_res.c,320,_Z3runPPc at example-nothread.cpp:81,_Z3runPPc,example-nothread.cpp,81,__klee_posix_wrapped_main at example-nothread.cpp:204,__klee_posix_wrapped_main,example-nothread.cpp,204,__klee_posix_ctor_stub_insert_point at runtime/POSIX/./klee_init_env.c:491,__klee_posix_ctor_stub_insert_point,runtime/POSIX/./klee_init_env.c,491,__user_main at runtime/POSIX/./klee_init_env.c:499,__user_main,runtime/POSIX/./klee_init_env.c,499,__uClibc_main at libc/misc/internals/__uClibc_main.c:401,__uClibc_main,libc/misc/internals/__uClibc_main.c,401,main,main,,0,,,,,,,,,,,,,,,,,,,,,,,,,,,,,,,,,,,,,,,,,,,,,,,,,,,,,,,,,,,,,,,,,,,,,,,,,,,,,3,clht_create at src/clht_lb_res.c:320
6,2170543424361854108,277033588,fence (unnecessary),44,mfence at src/clht_lb_res.c:139,mfence,src/clht_lb_res.c,139,clflush at src/clht_lb_res.c:159,clflush,src/clht_lb_res.c,159,clht_create at src/clht_lb_res.c:320,clht_create,src/clht_lb_res.c,320,_Z3runPPc at example-nothread.cpp:81,_Z3runPPc,example-nothread.cpp,81,__klee_posix_wrapped_main at example-nothread.cpp:204,__klee_posix_wrapped_main,example-nothread.cpp,204,__klee_posix_ctor_stub_insert_point at runtime/POSIX/./klee_init_env.c:491,__klee_posix_ctor_stub_insert_point,runtime/POSIX/./klee_init_env.c,491,__user_main at runtime/POSIX/./klee_init_env.c:499,__user_main,runtime/POSIX/./klee_init_env.c,499,__uClibc_main at libc/misc/internals/__uClibc_main.c:401,__uClibc_main,libc/misc/internals/__uClibc_main.c,401,main,main,,0.0,,,,,,,,,,,,,,,,,,,,,,,,,,,,,,,,,,,,,,,,,,,,,,,,,,,,,,,,,,,,,,,,,,,,,,,,,3,mfence at src/clht_lb_res.c:139
7,7974115366506485835,277036267,fence (unnecessary),44,mfence at src/clht_lb_res.c:139,mfence,src/clht_lb_res.c,139,clflush at src/clht_lb_res.c:146,clflush,src/clht_lb_res.c,146,clht_create at src/clht_lb_res.c:321,clht_create,src/clht_lb_res.c,321,_Z3runPPc at example-nothread.cpp:81,_Z3runPPc,example-nothread.cpp,81,__klee_posix_wrapped_main at example-nothread.cpp:204,__klee_posix_wrapped_main,example-nothread.cpp,204,__klee_posix_ctor_stub_insert_point at runtime/POSIX/./klee_init_env.c:491,__klee_posix_ctor_stub_insert_point,runtime/POSIX/./klee_init_env.c,491,__user_main at runtime/POSIX/./klee_init_env.c:499,__user_main,runtime/POSIX/./klee_init_env.c,499,__uClibc_main at libc/misc/internals/__uClibc_main.c:401,__uClibc_main,libc/misc/internals/__uClibc_main.c,401,main,main,,0.0,,,,,,,,,,,,,,,,,,,,,,,,,,,,,,,,,,,,,,,,,,,,,,,,,,,,,,,,,,,,,,,,,,,,,,,,,3,mfence at src/clht_lb_res.c:139
8,523090556805857581,277038741,flush (unnecessary),44,clflush at src/clht_lb_res.c:154,clflush,src/clht_lb_res.c,154,clht_create at src/clht_lb_res.c:321,clht_create,src/clht_lb_res.c,321,_Z3runPPc at example-nothread.cpp:81,_Z3runPPc,example-nothread.cpp,81,__klee_posix_wrapped_main at example-nothread.cpp:204,__klee_posix_wrapped_main,example-nothread.cpp,204,__klee_posix_ctor_stub_insert_point at runtime/POSIX/./klee_init_env.c:491,__klee_posix_ctor_stub_insert_point,runtime/POSIX/./klee_init_env.c,491,__user_main at runtime/POSIX/./klee_init_env.c:499,__user_main,runtime/POSIX/./klee_init_env.c,499,__uClibc_main at libc/misc/internals/__uClibc_main.c:401,__uClibc_main,libc/misc/internals/__uClibc_main.c,401,main,main,,0,,,,,,,,,,,,,,,,,,,,,,,,,,,,,,,,,,,,,,,,,,,,,,,,,,,,,,,,,,,,,,,,,,,,,,,,,,,,,4,clht_create at src/clht_lb_res.c:321
9,11255897263825084761,277151261,write (unpersisted),128,clht_gc_thread_init at src/clht_gc.c:58,clht_gc_thread_init,src/clht_gc.c,58,_ZZ3runPPcENK3$_0clEv at example-nothread.cpp:103,_ZZ3runPPcENK3$_0clEv,example-nothread.cpp,103,_Z3runPPc at example-nothread.cpp:114,_Z3runPPc,example-nothread.cpp,114,__klee_posix_wrapped_main at example-nothread.cpp:204,__klee_posix_wrapped_main,example-nothread.cpp,204,__klee_posix_ctor_stub_insert_point at runtime/POSIX/./klee_init_env.c:491,__klee_posix_ctor_stub_insert_point,runtime/POSIX/./klee_init_env.c,491,__user_main at runtime/POSIX/./klee_init_env.c:499,__user_main,runtime/POSIX/./klee_init_env.c,499,__uClibc_main at libc/misc/internals/__uClibc_main.c:401,__uClibc_main,libc/misc/internals/__uClibc_main.c,401,main,main,,0,,,,,,,,,,,,,,,,,,,,,,,,,,,,,,,,,,,,,,,,,,,,,,,,,,,,,,,,,,,,,,,,,,,,,,,,,,,,,5,clht_gc_thread_init at src/clht_gc.c:58
10,765061356327587772,473336738,fence (unnecessary),44,mfence at src/clht_lb_res.c:139,mfence,src/clht_lb_res.c,139,clflush at src/clht_lb_res.c:146,clflush,src/clht_lb_res.c,146,clht_create at src/clht_lb_res.c:319,clht_create,src/clht_lb_res.c,319,_Z3runPPc at example-nothread.cpp:81,_Z3runPPc,example-nothread.cpp,81,__klee_posix_wrapped_main at example-nothread.cpp:204,__klee_posix_wrapped_main,example-nothread.cpp,204,__klee_posix_ctor_stub_insert_point at runtime/POSIX/./klee_init_env.c:491,__klee_posix_ctor_stub_insert_point,runtime/POSIX/./klee_init_env.c,491,__user_main at runtime/POSIX/./klee_init_env.c:499,__user_main,runtime/POSIX/./klee_init_env.c,499,__uClibc_main at libc/misc/internals/__uClibc_main.c:401,__uClibc_main,libc/misc/internals/__uClibc_main.c,401,main,main,,0.0,,,,,,,,,,,,,,,,,,,,,,,,,,,,,,,,,,,,,,,,,,,,,,,,,,,,,,,,,,,,,,,,,,,,,,,,,5,mfence at src/clht_lb_res.c:139
11,449228779530942585,473340403,flush (unnecessary),396,clflush at src/clht_lb_res.c:154,clflush,src/clht_lb_res.c,154,clht_create at src/clht_lb_res.c:319,clht_create,src/clht_lb_res.c,319,_Z3runPPc at example-nothread.cpp:81,_Z3runPPc,example-nothread.cpp,81,__klee_posix_wrapped_main at example-nothread.cpp:204,__klee_posix_wrapped_main,example-nothread.cpp,204,__klee_posix_ctor_stub_insert_point at runtime/POSIX/./klee_init_env.c:491,__klee_posix_ctor_stub_insert_point,runtime/POSIX/./klee_init_env.c,491,__user_main at runtime/POSIX/./klee_init_env.c:499,__user_main,runtime/POSIX/./klee_init_env.c,499,__uClibc_main at libc/misc/internals/__uClibc_main.c:401,__uClibc_main,libc/misc/internals/__uClibc_main.c,401,main,main,,0,,,,,,,,,,,,,,,,,,,,,,,,,,,,,,,,,,,,,,,,,,,,,,,,,,,,,,,,,,,,,,,,,,,,,,,,,,,,,5,clht_create at src/clht_lb_res.c:319
12,17929639104942287495,473358573,fence (unnecessary),44,mfence at src/clht_lb_res.c:139,mfence,src/clht_lb_res.c,139,clflush at src/clht_lb_res.c:159,clflush,src/clht_lb_res.c,159,clht_create at src/clht_lb_res.c:319,clht_create,src/clht_lb_res.c,319,_Z3runPPc at example-nothread.cpp:81,_Z3runPPc,example-nothread.cpp,81,__klee_posix_wrapped_main at example-nothread.cpp:204,__klee_posix_wrapped_main,example-nothread.cpp,204,__klee_posix_ctor_stub_insert_point at runtime/POSIX/./klee_init_env.c:491,__klee_posix_ctor_stub_insert_point,runtime/POSIX/./klee_init_env.c,491,__user_main at runtime/POSIX/./klee_init_env.c:499,__user_main,runtime/POSIX/./klee_init_env.c,499,__uClibc_main at libc/misc/internals/__uClibc_main.c:401,__uClibc_main,libc/misc/internals/__uClibc_main.c,401,main,main,,0.0,,,,,,,,,,,,,,,,,,,,,,,,,,,,,,,,,,,,,,,,,,,,,,,,,,,,,,,,,,,,,,,,,,,,,,,,,5,mfence at src/clht_lb_res.c:139
13,17204887219122209992,473358573,fence (unnecessary),44,mfence at src/clht_lb_res.c:139,mfence,src/clht_lb_res.c,139,clflush at src/clht_lb_res.c:146,clflush,src/clht_lb_res.c,146,clht_create at src/clht_lb_res.c:320,clht_create,src/clht_lb_res.c,320,_Z3runPPc at example-nothread.cpp:81,_Z3runPPc,example-nothread.cpp,81,__klee_posix_wrapped_main at example-nothread.cpp:204,__klee_posix_wrapped_main,example-nothread.cpp,204,__klee_posix_ctor_stub_insert_point at runtime/POSIX/./klee_init_env.c:491,__klee_posix_ctor_stub_insert_point,runtime/POSIX/./klee_init_env.c,491,__user_main at runtime/POSIX/./klee_init_env.c:499,__user_main,runtime/POSIX/./klee_init_env.c,499,__uClibc_main at libc/misc/internals/__uClibc_main.c:401,__uClibc_main,libc/misc/internals/__uClibc_main.c,401,main,main,,0.0,,,,,,,,,,,,,,,,,,,,,,,,,,,,,,,,,,,,,,,,,,,,,,,,,,,,,,,,,,,,,,,,,,,,,,,,,5,mfence at src/clht_lb_res.c:139
14,17847682312686670939,473361843,flush (unnecessary),88,clflush at src/clht_lb_res.c:154,clflush,src/clht_lb_res.c,154,clht_create at src/clht_lb_res.c:320,clht_create,src/clht_lb_res.c,320,_Z3runPPc at example-nothread.cpp:81,_Z3runPPc,example-nothread.cpp,81,__klee_posix_wrapped_main at example-nothread.cpp:204,__klee_posix_wrapped_main,example-nothread.cpp,204,__klee_posix_ctor_stub_insert_point at runtime/POSIX/./klee_init_env.c:491,__klee_posix_ctor_stub_insert_point,runtime/POSIX/./klee_init_env.c,491,__user_main at runtime/POSIX/./klee_init_env.c:499,__user_main,runtime/POSIX/./klee_init_env.c,499,__uClibc_main at libc/misc/internals/__uClibc_main.c:401,__uClibc_main,libc/misc/internals/__uClibc_main.c,401,main,main,,0,,,,,,,,,,,,,,,,,,,,,,,,,,,,,,,,,,,,,,,,,,,,,,,,,,,,,,,,,,,,,,,,,,,,,,,,,,,,,5,clht_create at src/clht_lb_res.c:320
15,12484788152712848128,473368687,flush (never modified),44,clflush at src/clht_lb_res.c:154,clflush,src/clht_lb_res.c,154,clht_create at src/clht_lb_res.c:320,clht_create,src/clht_lb_res.c,320,_Z3runPPc at example-nothread.cpp:81,_Z3runPPc,example-nothread.cpp,81,__klee_posix_wrapped_main at example-nothread.cpp:204,__klee_posix_wrapped_main,example-nothread.cpp,204,__klee_posix_ctor_stub_insert_point at runtime/POSIX/./klee_init_env.c:491,__klee_posix_ctor_stub_insert_point,runtime/POSIX/./klee_init_env.c,491,__user_main at runtime/POSIX/./klee_init_env.c:499,__user_main,runtime/POSIX/./klee_init_env.c,499,__uClibc_main at libc/misc/internals/__uClibc_main.c:401,__uClibc_main,libc/misc/internals/__uClibc_main.c,401,main,main,,0,,,,,,,,,,,,,,,,,,,,,,,,,,,,,,,,,,,,,,,,,,,,,,,,,,,,,,,,,,,,,,,,,,,,,,,,,,,,,5,clht_create at src/clht_lb_res.c:320
16,5826028677940509904,473374012,fence (unnecessary),44,mfence at src/clht_lb_res.c:139,mfence,src/clht_lb_res.c,139,clflush at src/clht_lb_res.c:159,clflush,src/clht_lb_res.c,159,clht_create at src/clht_lb_res.c:320,clht_create,src/clht_lb_res.c,320,_Z3runPPc at example-nothread.cpp:81,_Z3runPPc,example-nothread.cpp,81,__klee_posix_wrapped_main at example-nothread.cpp:204,__klee_posix_wrapped_main,example-nothread.cpp,204,__klee_posix_ctor_stub_insert_point at runtime/POSIX/./klee_init_env.c:491,__klee_posix_ctor_stub_insert_point,runtime/POSIX/./klee_init_env.c,491,__user_main at runtime/POSIX/./klee_init_env.c:499,__user_main,runtime/POSIX/./klee_init_env.c,499,__uClibc_main at libc/misc/internals/__uClibc_main.c:401,__uClibc_main,libc/misc/internals/__uClibc_main.c,401,main,main,,0.0,,,,,,,,,,,,,,,,,,,,,,,,,,,,,,,,,,,,,,,,,,,,,,,,,,,,,,,,,,,,,,,,,,,,,,,,,5,mfence at src/clht_lb_res.c:139
17,10014280744722582151,473377931,fence (unnecessary),44,mfence at src/clht_lb_res.c:139,mfence,src/clht_lb_res.c,139,clflush at src/clht_lb_res.c:146,clflush,src/clht_lb_res.c,146,clht_create at src/clht_lb_res.c:321,clht_create,src/clht_lb_res.c,321,_Z3runPPc at example-nothread.cpp:81,_Z3runPPc,example-nothread.cpp,81,__klee_posix_wrapped_main at example-nothread.cpp:204,__klee_posix_wrapped_main,example-nothread.cpp,204,__klee_posix_ctor_stub_insert_point at runtime/POSIX/./klee_init_env.c:491,__klee_posix_ctor_stub_insert_point,runtime/POSIX/./klee_init_env.c,491,__user_main at runtime/POSIX/./klee_init_env.c:499,__user_main,runtime/POSIX/./klee_init_env.c,499,__uClibc_main at libc/misc/internals/__uClibc_main.c:401,__uClibc_main,libc/misc/internals/__uClibc_main.c,401,main,main,,0.0,,,,,,,,,,,,,,,,,,,,,,,,,,,,,,,,,,,,,,,,,,,,,,,,,,,,,,,,,,,,,,,,,,,,,,,,,5,mfence at src/clht_lb_res.c:139
18,2542795191961256306,473381498,flush (unnecessary),44,clflush at src/clht_lb_res.c:154,clflush,src/clht_lb_res.c,154,clht_create at src/clht_lb_res.c:321,clht_create,src/clht_lb_res.c,321,_Z3runPPc at example-nothread.cpp:81,_Z3runPPc,example-nothread.cpp,81,__klee_posix_wrapped_main at example-nothread.cpp:204,__klee_posix_wrapped_main,example-nothread.cpp,204,__klee_posix_ctor_stub_insert_point at runtime/POSIX/./klee_init_env.c:491,__klee_posix_ctor_stub_insert_point,runtime/POSIX/./klee_init_env.c,491,__user_main at runtime/POSIX/./klee_init_env.c:499,__user_main,runtime/POSIX/./klee_init_env.c,499,__uClibc_main at libc/misc/internals/__uClibc_main.c:401,__uClibc_main,libc/misc/internals/__uClibc_main.c,401,main,main,,0,,,,,,,,,,,,,,,,,,,,,,,,,,,,,,,,,,,,,,,,,,,,,,,,,,,,,,,,,,,,,,,,,,,,,,,,,,,,,5,clht_create at src/clht_lb_res.c:321
19,12939320988974641926,473526866,write (unpersisted),128,clht_gc_thread_init at src/clht_gc.c:58,clht_gc_thread_init,src/clht_gc.c,58,_ZZ3runPPcENK3$_0clEv at example-nothread.cpp:103,_ZZ3runPPcENK3$_0clEv,example-nothread.cpp,103,_Z3runPPc at example-nothread.cpp:114,_Z3runPPc,example-nothread.cpp,114,__klee_posix_wrapped_main at example-nothread.cpp:204,__klee_posix_wrapped_main,example-nothread.cpp,204,__klee_posix_ctor_stub_insert_point at runtime/POSIX/./klee_init_env.c:491,__klee_posix_ctor_stub_insert_point,runtime/POSIX/./klee_init_env.c,491,__user_main at runtime/POSIX/./klee_init_env.c:499,__user_main,runtime/POSIX/./klee_init_env.c,499,__uClibc_main at libc/misc/internals/__uClibc_main.c:401,__uClibc_main,libc/misc/internals/__uClibc_main.c,401,main,main,,0,,,,,,,,,,,,,,,,,,,,,,,,,,,,,,,,,,,,,,,,,,,,,,,,,,,,,,,,,,,,,,,,,,,,,,,,,,,,,5,clht_gc_thread_init at src/clht_gc.c:58
20,14586527385534457486,537488644,fence (unnecessary),44156,mfence at src/clht_lb_res.c:139,mfence,src/clht_lb_res.c,139,clflush at src/clht_lb_res.c:146,clflush,src/clht_lb_res.c,146,clht_put at src/clht_lb_res.c:589,clht_put,src/clht_lb_res.c,589,_ZZ3runPPcENK3$_0clEv at example-nothread.cpp:109,_ZZ3runPPcENK3$_0clEv,example-nothread.cpp,109,_Z3runPPc at example-nothread.cpp:114,_Z3runPPc,example-nothread.cpp,114,__klee_posix_wrapped_main at example-nothread.cpp:204,__klee_posix_wrapped_main,example-nothread.cpp,204,__klee_posix_ctor_stub_insert_point at runtime/POSIX/./klee_init_env.c:491,__klee_posix_ctor_stub_insert_point,runtime/POSIX/./klee_init_env.c,491,__user_main at runtime/POSIX/./klee_init_env.c:499,__user_main,runtime/POSIX/./klee_init_env.c,499,__uClibc_main at libc/misc/internals/__uClibc_main.c:401,__uClibc_main,libc/misc/internals/__uClibc_main.c,401.0,main,main,,0.0,,,,,,,,,,,,,,,,,,,,,,,,,,,,,,,,,,,,,,,,,,,,,,,,,,,,,,,,,,,,,,,,,,,,,5,mfence at src/clht_lb_res.c:139
21,13061204506708981279,537495263,write (unpersisted),179,clht_put at src/clht_lb_res.c:592,clht_put,src/clht_lb_res.c,592,_ZZ3runPPcENK3$_0clEv at example-nothread.cpp:109,_ZZ3runPPcENK3$_0clEv,example-nothread.cpp,109,_Z3runPPc at example-nothread.cpp:114,_Z3runPPc,example-nothread.cpp,114,__klee_posix_wrapped_main at example-nothread.cpp:204,__klee_posix_wrapped_main,example-nothread.cpp,204,__klee_posix_ctor_stub_insert_point at runtime/POSIX/./klee_init_env.c:491,__klee_posix_ctor_stub_insert_point,runtime/POSIX/./klee_init_env.c,491,__user_main at runtime/POSIX/./klee_init_env.c:499,__user_main,runtime/POSIX/./klee_init_env.c,499,__uClibc_main at libc/misc/internals/__uClibc_main.c:401,__uClibc_main,libc/misc/internals/__uClibc_main.c,401,main,main,,0,,,,,,,,,,,,,,,,,,,,,,,,,,,,,,,,,,,,,,,,,,,,,,,,,,,,,,,,,,,,,,,,,,,,,,,,,,,,,6,clht_put at src/clht_lb_res.c:592
22,2524026015531172498,958304331,fence (unnecessary),44156,mfence at src/clht_lb_res.c:139,mfence,src/clht_lb_res.c,139,clflush at src/clht_lb_res.c:146,clflush,src/clht_lb_res.c,146,clht_put at src/clht_lb_res.c:589,clht_put,src/clht_lb_res.c,589,_ZZ3runPPcENK3$_0clEv at example-nothread.cpp:109,_ZZ3runPPcENK3$_0clEv,example-nothread.cpp,109,_Z3runPPc at example-nothread.cpp:114,_Z3runPPc,example-nothread.cpp,114,__klee_posix_wrapped_main at example-nothread.cpp:204,__klee_posix_wrapped_main,example-nothread.cpp,204,__klee_posix_ctor_stub_insert_point at runtime/POSIX/./klee_init_env.c:491,__klee_posix_ctor_stub_insert_point,runtime/POSIX/./klee_init_env.c,491,__user_main at runtime/POSIX/./klee_init_env.c:499,__user_main,runtime/POSIX/./klee_init_env.c,499,__uClibc_main at libc/misc/internals/__uClibc_main.c:401,__uClibc_main,libc/misc/internals/__uClibc_main.c,401.0,main,main,,0.0,,,,,,,,,,,,,,,,,,,,,,,,,,,,,,,,,,,,,,,,,,,,,,,,,,,,,,,,,,,,,,,,,,,,,6,mfence at src/clht_lb_res.c:139
23,15685754714172599741,958310420,write (unpersisted),179,clht_put at src/clht_lb_res.c:592,clht_put,src/clht_lb_res.c,592,_ZZ3runPPcENK3$_0clEv at example-nothread.cpp:109,_ZZ3runPPcENK3$_0clEv,example-nothread.cpp,109,_Z3runPPc at example-nothread.cpp:114,_Z3runPPc,example-nothread.cpp,114,__klee_posix_wrapped_main at example-nothread.cpp:204,__klee_posix_wrapped_main,example-nothread.cpp,204,__klee_posix_ctor_stub_insert_point at runtime/POSIX/./klee_init_env.c:491,__klee_posix_ctor_stub_insert_point,runtime/POSIX/./klee_init_env.c,491,__user_main at runtime/POSIX/./klee_init_env.c:499,__user_main,runtime/POSIX/./klee_init_env.c,499,__uClibc_main at libc/misc/internals/__uClibc_main.c:401,__uClibc_main,libc/misc/internals/__uClibc_main.c,401,main,main,,0,,,,,,,,,,,,,,,,,,,,,,,,,,,,,,,,,,,,,,,,,,,,,,,,,,,,,,,,,,,,,,,,,,,,,,,,,,,,,6,clht_put at src/clht_lb_res.c:592
24,3600529097501913697,1592471219,write (unpersisted),66,clht_put at src/clht_lb_res.c:583,clht_put,src/clht_lb_res.c,583,_ZZ3runPPcENK3$_0clEv at example-nothread.cpp:109,_ZZ3runPPcENK3$_0clEv,example-nothread.cpp,109,_Z3runPPc at example-nothread.cpp:114,_Z3runPPc,example-nothread.cpp,114,__klee_posix_wrapped_main at example-nothread.cpp:204,__klee_posix_wrapped_main,example-nothread.cpp,204,__klee_posix_ctor_stub_insert_point at runtime/POSIX/./klee_init_env.c:491,__klee_posix_ctor_stub_insert_point,runtime/POSIX/./klee_init_env.c,491,__user_main at runtime/POSIX/./klee_init_env.c:499,__user_main,runtime/POSIX/./klee_init_env.c,499,__uClibc_main at libc/misc/internals/__uClibc_main.c:401,__uClibc_main,libc/misc/internals/__uClibc_main.c,401,main,main,,0,,,,,,,,,,,,,,,,,,,,,,,,,,,,,,,,,,,,,,,,,,,,,,,,,,,,,,,,,,,,,,,,,,,,,,,,,,,,,7,clht_put at src/clht_lb_res.c:583
25,10508654540684903085,1596950460,write (unpersisted),16,clht_bucket_create_stats at src/clht_lb_res.c:245,clht_bucket_create_stats,src/clht_lb_res.c,245,clht_put at src/clht_lb_res.c:544,clht_put,src/clht_lb_res.c,544,_ZZ3runPPcENK3$_0clEv at example-nothread.cpp:109,_ZZ3runPPcENK3$_0clEv,example-nothread.cpp,109,_Z3runPPc at example-nothread.cpp:114,_Z3runPPc,example-nothread.cpp,114,__klee_posix_wrapped_main at example-nothread.cpp:204,__klee_posix_wrapped_main,example-nothread.cpp,204,__klee_posix_ctor_stub_insert_point at runtime/POSIX/./klee_init_env.c:491,__klee_posix_ctor_stub_insert_point,runtime/POSIX/./klee_init_env.c,491,__user_main at runtime/POSIX/./klee_init_env.c:499,__user_main,runtime/POSIX/./klee_init_env.c,499,__uClibc_main at libc/misc/internals/__uClibc_main.c:401,__uClibc_main,libc/misc/internals/__uClibc_main.c,401,main,main,,0.0,,,,,,,,,,,,,,,,,,,,,,,,,,,,,,,,,,,,,,,,,,,,,,,,,,,,,,,,,,,,,,,,,,,,,,,,,8,clht_bucket_create_stats at src/clht_lb_res.c:245
26,8710375379803247890,1596997407,fence (unnecessary),21884,mfence at src/clht_lb_res.c:139,mfence,src/clht_lb_res.c,139,clflush at src/clht_lb_res.c:146,clflush,src/clht_lb_res.c,146,clht_put at src/clht_lb_res.c:556,clht_put,src/clht_lb_res.c,556,_ZZ3runPPcENK3$_0clEv at example-nothread.cpp:109,_ZZ3runPPcENK3$_0clEv,example-nothread.cpp,109,_Z3runPPc at example-nothread.cpp:114,_Z3runPPc,example-nothread.cpp,114,__klee_posix_wrapped_main at example-nothread.cpp:204,__klee_posix_wrapped_main,example-nothread.cpp,204,__klee_posix_ctor_stub_insert_point at runtime/POSIX/./klee_init_env.c:491,__klee_posix_ctor_stub_insert_point,runtime/POSIX/./klee_init_env.c,491,__user_main at runtime/POSIX/./klee_init_env.c:499,__user_main,runtime/POSIX/./klee_init_env.c,499,__uClibc_main at libc/misc/internals/__uClibc_main.c:401,__uClibc_main,libc/misc/internals/__uClibc_main.c,401.0,main,main,,0.0,,,,,,,,,,,,,,,,,,,,,,,,,,,,,,,,,,,,,,,,,,,,,,,,,,,,,,,,,,,,,,,,,,,,,8,mfence at src/clht_lb_res.c:139
27,6014576315244998004,1596999534,flush (unnecessary),43768,clflush at src/clht_lb_res.c:154,clflush,src/clht_lb_res.c,154,clht_put at src/clht_lb_res.c:556,clht_put,src/clht_lb_res.c,556,_ZZ3runPPcENK3$_0clEv at example-nothread.cpp:109,_ZZ3runPPcENK3$_0clEv,example-nothread.cpp,109,_Z3runPPc at example-nothread.cpp:114,_Z3runPPc,example-nothread.cpp,114,__klee_posix_wrapped_main at example-nothread.cpp:204,__klee_posix_wrapped_main,example-nothread.cpp,204,__klee_posix_ctor_stub_insert_point at runtime/POSIX/./klee_init_env.c:491,__klee_posix_ctor_stub_insert_point,runtime/POSIX/./klee_init_env.c,491,__user_main at runtime/POSIX/./klee_init_env.c:499,__user_main,runtime/POSIX/./klee_init_env.c,499,__uClibc_main at libc/misc/internals/__uClibc_main.c:401,__uClibc_main,libc/misc/internals/__uClibc_main.c,401,main,main,,0.0,,,,,,,,,,,,,,,,,,,,,,,,,,,,,,,,,,,,,,,,,,,,,,,,,,,,,,,,,,,,,,,,,,,,,,,,,9,clht_put at src/clht_lb_res.c:556
28,13156832299043809757,1597003760,fence (unnecessary),21884,mfence at src/clht_lb_res.c:139,mfence,src/clht_lb_res.c,139,clflush at src/clht_lb_res.c:159,clflush,src/clht_lb_res.c,159,clht_put at src/clht_lb_res.c:556,clht_put,src/clht_lb_res.c,556,_ZZ3runPPcENK3$_0clEv at example-nothread.cpp:109,_ZZ3runPPcENK3$_0clEv,example-nothread.cpp,109,_Z3runPPc at example-nothread.cpp:114,_Z3runPPc,example-nothread.cpp,114,__klee_posix_wrapped_main at example-nothread.cpp:204,__klee_posix_wrapped_main,example-nothread.cpp,204,__klee_posix_ctor_stub_insert_point at runtime/POSIX/./klee_init_env.c:491,__klee_posix_ctor_stub_insert_point,runtime/POSIX/./klee_init_env.c,491,__user_main at runtime/POSIX/./klee_init_env.c:499,__user_main,runtime/POSIX/./klee_init_env.c,499,__uClibc_main at libc/misc/internals/__uClibc_main.c:401,__uClibc_main,libc/misc/internals/__uClibc_main.c,401.0,main,main,,0.0,,,,,,,,,,,,,,,,,,,,,,,,,,,,,,,,,,,,,,,,,,,,,,,,,,,,,,,,,,,,,,,,,,,,,9,mfence at src/clht_lb_res.c:139
29,15918193507169244308,1597006150,write (unpersisted),102,clht_put at src/clht_lb_res.c:557,clht_put,src/clht_lb_res.c,557,_ZZ3runPPcENK3$_0clEv at example-nothread.cpp:109,_ZZ3runPPcENK3$_0clEv,example-nothread.cpp,109,_Z3runPPc at example-nothread.cpp:114,_Z3runPPc,example-nothread.cpp,114,__klee_posix_wrapped_main at example-nothread.cpp:204,__klee_posix_wrapped_main,example-nothread.cpp,204,__klee_posix_ctor_stub_insert_point at runtime/POSIX/./klee_init_env.c:491,__klee_posix_ctor_stub_insert_point,runtime/POSIX/./klee_init_env.c,491,__user_main at runtime/POSIX/./klee_init_env.c:499,__user_main,runtime/POSIX/./klee_init_env.c,499,__uClibc_main at libc/misc/internals/__uClibc_main.c:401,__uClibc_main,libc/misc/internals/__uClibc_main.c,401,main,main,,0,,,,,,,,,,,,,,,,,,,,,,,,,,,,,,,,,,,,,,,,,,,,,,,,,,,,,,,,,,,,,,,,,,,,,,,,,,,,,10,clht_put at src/clht_lb_res.c:557
30,11396781150527577437,1597007459,fence (unnecessary),21884,mfence at src/clht_lb_res.c:139,mfence,src/clht_lb_res.c,139,clflush at src/clht_lb_res.c:146,clflush,src/clht_lb_res.c,146,clht_put at src/clht_lb_res.c:559,clht_put,src/clht_lb_res.c,559,_ZZ3runPPcENK3$_0clEv at example-nothread.cpp:109,_ZZ3runPPcENK3$_0clEv,example-nothread.cpp,109,_Z3runPPc at example-nothread.cpp:114,_Z3runPPc,example-nothread.cpp,114,__klee_posix_wrapped_main at example-nothread.cpp:204,__klee_posix_wrapped_main,example-nothread.cpp,204,__klee_posix_ctor_stub_insert_point at runtime/POSIX/./klee_init_env.c:491,__klee_posix_ctor_stub_insert_point,runtime/POSIX/./klee_init_env.c,491,__user_main at runtime/POSIX/./klee_init_env.c:499,__user_main,runtime/POSIX/./klee_init_env.c,499,__uClibc_main at libc/misc/internals/__uClibc_main.c:401,__uClibc_main,libc/misc/internals/__uClibc_main.c,401.0,main,main,,0.0,,,,,,,,,,,,,,,,,,,,,,,,,,,,,,,,,,,,,,,,,,,,,,,,,,,,,,,,,,,,,,,,,,,,,10,mfence at src/clht_lb_res.c:139
31,5425483645642841710,1597009696,fence (unnecessary),21884,mfence at src/clht_lb_res.c:139,mfence,src/clht_lb_res.c,139,clflush at src/clht_lb_res.c:159,clflush,src/clht_lb_res.c,159,clht_put at src/clht_lb_res.c:559,clht_put,src/clht_lb_res.c,559,_ZZ3runPPcENK3$_0clEv at example-nothread.cpp:109,_ZZ3runPPcENK3$_0clEv,example-nothread.cpp,109,_Z3runPPc at example-nothread.cpp:114,_Z3runPPc,example-nothread.cpp,114,__klee_posix_wrapped_main at example-nothread.cpp:204,__klee_posix_wrapped_main,example-nothread.cpp,204,__klee_posix_ctor_stub_insert_point at runtime/POSIX/./klee_init_env.c:491,__klee_posix_ctor_stub_insert_point,runtime/POSIX/./klee_init_env.c,491,__user_main at runtime/POSIX/./klee_init_env.c:499,__user_main,runtime/POSIX/./klee_init_env.c,499,__uClibc_main at libc/misc/internals/__uClibc_main.c:401,__uClibc_main,libc/misc/internals/__uClibc_main.c,401.0,main,main,,0.0,,,,,,,,,,,,,,,,,,,,,,,,,,,,,,,,,,,,,,,,,,,,,,,,,,,,,,,,,,,,,,,,,,,,,10,mfence at src/clht_lb_res.c:139
32,8317649176087375233,1599539040,write (unpersisted),86,lock_acq_resize at include/clht_lb_res.h:352,lock_acq_resize,include/clht_lb_res.h,352,bucket_cpy at src/clht_lb_res.c:726,bucket_cpy,src/clht_lb_res.c,726,ht_resize_pes at src/clht_lb_res.c:849,ht_resize_pes,src/clht_lb_res.c,849,ht_status at src/clht_lb_res.c:1112,ht_status,src/clht_lb_res.c,1112,clht_put at src/clht_lb_res.c:597,clht_put,src/clht_lb_res.c,597,_ZZ3runPPcENK3$_0clEv at example-nothread.cpp:109,_ZZ3runPPcENK3$_0clEv,example-nothread.cpp,109,_Z3runPPc at example-nothread.cpp:114,_Z3runPPc,example-nothread.cpp,114,__klee_posix_wrapped_main at example-nothread.cpp:204,__klee_posix_wrapped_main,example-nothread.cpp,204,__klee_posix_ctor_stub_insert_point at runtime/POSIX/./klee_init_env.c:491,__klee_posix_ctor_stub_insert_point,runtime/POSIX/./klee_init_env.c,491.0,__user_main at runtime/POSIX/./klee_init_env.c:499,__user_main,runtime/POSIX/./klee_init_env.c,499.0,__uClibc_main at libc/misc/internals/__uClibc_main.c:401,__uClibc_main,libc/misc/internals/__uClibc_main.c,401.0,main,main,,0.0,,,,,,,,,,,,,,,,,,,,,,,,,,,,,,,,,,,,,,,,,,,,,,,,,,,,,,,,,,,,,11,lock_acq_resize at include/clht_lb_res.h:352
33,5530903285504454089,1599678615,flush (never modified),14,clflush at src/clht_lb_res.c:154,clflush,src/clht_lb_res.c,154,ht_resize_pes at src/clht_lb_res.c:895,ht_resize_pes,src/clht_lb_res.c,895,ht_status at src/clht_lb_res.c:1112,ht_status,src/clht_lb_res.c,1112,clht_put at src/clht_lb_res.c:597,clht_put,src/clht_lb_res.c,597,_ZZ3runPPcENK3$_0clEv at example-nothread.cpp:109,_ZZ3runPPcENK3$_0clEv,example-nothread.cpp,109,_Z3runPPc at example-nothread.cpp:114,_Z3runPPc,example-nothread.cpp,114,__klee_posix_wrapped_main at example-nothread.cpp:204,__klee_posix_wrapped_main,example-nothread.cpp,204,__klee_posix_ctor_stub_insert_point at runtime/POSIX/./klee_init_env.c:491,__klee_posix_ctor_stub_insert_point,runtime/POSIX/./klee_init_env.c,491,__user_main at runtime/POSIX/./klee_init_env.c:499,__user_main,runtime/POSIX/./klee_init_env.c,499.0,__uClibc_main at libc/misc/internals/__uClibc_main.c:401,__uClibc_main,libc/misc/internals/__uClibc_main.c,401.0,main,main,,0.0,,,,,,,,,,,,,,,,,,,,,,,,,,,,,,,,,,,,,,,,,,,,,,,,,,,,,,,,,,,,,,,,,12,ht_resize_pes at src/clht_lb_res.c:895
34,17204102466183782235,1599711205,fence (unnecessary),14,mfence at src/clht_lb_res.c:139,mfence,src/clht_lb_res.c,139,clflush at src/clht_lb_res.c:146,clflush,src/clht_lb_res.c,146,ht_resize_pes at src/clht_lb_res.c:941,ht_resize_pes,src/clht_lb_res.c,941,ht_status at src/clht_lb_res.c:1112,ht_status,src/clht_lb_res.c,1112,clht_put at src/clht_lb_res.c:597,clht_put,src/clht_lb_res.c,597,_ZZ3runPPcENK3$_0clEv at example-nothread.cpp:109,_ZZ3runPPcENK3$_0clEv,example-nothread.cpp,109,_Z3runPPc at example-nothread.cpp:114,_Z3runPPc,example-nothread.cpp,114,__klee_posix_wrapped_main at example-nothread.cpp:204,__klee_posix_wrapped_main,example-nothread.cpp,204,__klee_posix_ctor_stub_insert_point at runtime/POSIX/./klee_init_env.c:491,__klee_posix_ctor_stub_insert_point,runtime/POSIX/./klee_init_env.c,491.0,__user_main at runtime/POSIX/./klee_init_env.c:499,__user_main,runtime/POSIX/./klee_init_env.c,499.0,__uClibc_main at libc/misc/internals/__uClibc_main.c:401,__uClibc_main,libc/misc/internals/__uClibc_main.c,401.0,main,main,,0.0,,,,,,,,,,,,,,,,,,,,,,,,,,,,,,,,,,,,,,,,,,,,,,,,,,,,,,,,,,,,,12,mfence at src/clht_lb_res.c:139
35,4653230856772177310,1599714819,write (unpersisted),86,ht_resize_pes at src/clht_lb_res.c:973,ht_resize_pes,src/clht_lb_res.c,973,ht_status at src/clht_lb_res.c:1112,ht_status,src/clht_lb_res.c,1112,clht_put at src/clht_lb_res.c:597,clht_put,src/clht_lb_res.c,597,_ZZ3runPPcENK3$_0clEv at example-nothread.cpp:109,_ZZ3runPPcENK3$_0clEv,example-nothread.cpp,109,_Z3runPPc at example-nothread.cpp:114,_Z3runPPc,example-nothread.cpp,114,__klee_posix_wrapped_main at example-nothread.cpp:204,__klee_posix_wrapped_main,example-nothread.cpp,204,__klee_posix_ctor_stub_insert_point at runtime/POSIX/./klee_init_env.c:491,__klee_posix_ctor_stub_insert_point,runtime/POSIX/./klee_init_env.c,491,__user_main at runtime/POSIX/./klee_init_env.c:499,__user_main,runtime/POSIX/./klee_init_env.c,499,__uClibc_main at libc/misc/internals/__uClibc_main.c:401,__uClibc_main,libc/misc/internals/__uClibc_main.c,401.0,main,main,,0.0,,,,,,,,,,,,,,,,,,,,,,,,,,,,,,,,,,,,,,,,,,,,,,,,,,,,,,,,,,,,,,,,,,,,,13,ht_resize_pes at src/clht_lb_res.c:973
36,5080301042318856087,1599715930,write (unpersisted),86,ht_resize_pes at src/clht_lb_res.c:974,ht_resize_pes,src/clht_lb_res.c,974,ht_status at src/clht_lb_res.c:1112,ht_status,src/clht_lb_res.c,1112,clht_put at src/clht_lb_res.c:597,clht_put,src/clht_lb_res.c,597,_ZZ3runPPcENK3$_0clEv at example-nothread.cpp:109,_ZZ3runPPcENK3$_0clEv,example-nothread.cpp,109,_Z3runPPc at example-nothread.cpp:114,_Z3runPPc,example-nothread.cpp,114,__klee_posix_wrapped_main at example-nothread.cpp:204,__klee_posix_wrapped_main,example-nothread.cpp,204,__klee_posix_ctor_stub_insert_point at runtime/POSIX/./klee_init_env.c:491,__klee_posix_ctor_stub_insert_point,runtime/POSIX/./klee_init_env.c,491,__user_main at runtime/POSIX/./klee_init_env.c:499,__user_main,runtime/POSIX/./klee_init_env.c,499,__uClibc_main at libc/misc/internals/__uClibc_main.c:401,__uClibc_main,libc/misc/internals/__uClibc_main.c,401.0,main,main,,0.0,,,,,,,,,,,,,,,,,,,,,,,,,,,,,,,,,,,,,,,,,,,,,,,,,,,,,,,,,,,,,,,,,,,,,14,ht_resize_pes at src/clht_lb_res.c:974
37,14626059365413832815,2739191662,write (unpersisted),66,clht_put at src/clht_lb_res.c:583,clht_put,src/clht_lb_res.c,583,_ZZ3runPPcENK3$_0clEv at example-nothread.cpp:109,_ZZ3runPPcENK3$_0clEv,example-nothread.cpp,109,_Z3runPPc at example-nothread.cpp:114,_Z3runPPc,example-nothread.cpp,114,__klee_posix_wrapped_main at example-nothread.cpp:204,__klee_posix_wrapped_main,example-nothread.cpp,204,__klee_posix_ctor_stub_insert_point at runtime/POSIX/./klee_init_env.c:491,__klee_posix_ctor_stub_insert_point,runtime/POSIX/./klee_init_env.c,491,__user_main at runtime/POSIX/./klee_init_env.c:499,__user_main,runtime/POSIX/./klee_init_env.c,499,__uClibc_main at libc/misc/internals/__uClibc_main.c:401,__uClibc_main,libc/misc/internals/__uClibc_main.c,401,main,main,,0,,,,,,,,,,,,,,,,,,,,,,,,,,,,,,,,,,,,,,,,,,,,,,,,,,,,,,,,,,,,,,,,,,,,,,,,,,,,,14,clht_put at src/clht_lb_res.c:583
38,644709895549652457,2745187762,write (unpersisted),16,clht_bucket_create_stats at src/clht_lb_res.c:245,clht_bucket_create_stats,src/clht_lb_res.c,245,clht_put at src/clht_lb_res.c:544,clht_put,src/clht_lb_res.c,544,_ZZ3runPPcENK3$_0clEv at example-nothread.cpp:109,_ZZ3runPPcENK3$_0clEv,example-nothread.cpp,109,_Z3runPPc at example-nothread.cpp:114,_Z3runPPc,example-nothread.cpp,114,__klee_posix_wrapped_main at example-nothread.cpp:204,__klee_posix_wrapped_main,example-nothread.cpp,204,__klee_posix_ctor_stub_insert_point at runtime/POSIX/./klee_init_env.c:491,__klee_posix_ctor_stub_insert_point,runtime/POSIX/./klee_init_env.c,491,__user_main at runtime/POSIX/./klee_init_env.c:499,__user_main,runtime/POSIX/./klee_init_env.c,499,__uClibc_main at libc/misc/internals/__uClibc_main.c:401,__uClibc_main,libc/misc/internals/__uClibc_main.c,401,main,main,,0.0,,,,,,,,,,,,,,,,,,,,,,,,,,,,,,,,,,,,,,,,,,,,,,,,,,,,,,,,,,,,,,,,,,,,,,,,,14,clht_bucket_create_stats at src/clht_lb_res.c:245
39,1167610439391468671,2745257435,fence (unnecessary),21884,mfence at src/clht_lb_res.c:139,mfence,src/clht_lb_res.c,139,clflush at src/clht_lb_res.c:146,clflush,src/clht_lb_res.c,146,clht_put at src/clht_lb_res.c:556,clht_put,src/clht_lb_res.c,556,_ZZ3runPPcENK3$_0clEv at example-nothread.cpp:109,_ZZ3runPPcENK3$_0clEv,example-nothread.cpp,109,_Z3runPPc at example-nothread.cpp:114,_Z3runPPc,example-nothread.cpp,114,__klee_posix_wrapped_main at example-nothread.cpp:204,__klee_posix_wrapped_main,example-nothread.cpp,204,__klee_posix_ctor_stub_insert_point at runtime/POSIX/./klee_init_env.c:491,__klee_posix_ctor_stub_insert_point,runtime/POSIX/./klee_init_env.c,491,__user_main at runtime/POSIX/./klee_init_env.c:499,__user_main,runtime/POSIX/./klee_init_env.c,499,__uClibc_main at libc/misc/internals/__uClibc_main.c:401,__uClibc_main,libc/misc/internals/__uClibc_main.c,401.0,main,main,,0.0,,,,,,,,,,,,,,,,,,,,,,,,,,,,,,,,,,,,,,,,,,,,,,,,,,,,,,,,,,,,,,,,,,,,,14,mfence at src/clht_lb_res.c:139
40,9843849253484272222,2745260645,flush (unnecessary),43768,clflush at src/clht_lb_res.c:154,clflush,src/clht_lb_res.c,154,clht_put at src/clht_lb_res.c:556,clht_put,src/clht_lb_res.c,556,_ZZ3runPPcENK3$_0clEv at example-nothread.cpp:109,_ZZ3runPPcENK3$_0clEv,example-nothread.cpp,109,_Z3runPPc at example-nothread.cpp:114,_Z3runPPc,example-nothread.cpp,114,__klee_posix_wrapped_main at example-nothread.cpp:204,__klee_posix_wrapped_main,example-nothread.cpp,204,__klee_posix_ctor_stub_insert_point at runtime/POSIX/./klee_init_env.c:491,__klee_posix_ctor_stub_insert_point,runtime/POSIX/./klee_init_env.c,491,__user_main at runtime/POSIX/./klee_init_env.c:499,__user_main,runtime/POSIX/./klee_init_env.c,499,__uClibc_main at libc/misc/internals/__uClibc_main.c:401,__uClibc_main,libc/misc/internals/__uClibc_main.c,401,main,main,,0.0,,,,,,,,,,,,,,,,,,,,,,,,,,,,,,,,,,,,,,,,,,,,,,,,,,,,,,,,,,,,,,,,,,,,,,,,,14,clht_put at src/clht_lb_res.c:556
41,10836977872418118073,2745266728,fence (unnecessary),21884,mfence at src/clht_lb_res.c:139,mfence,src/clht_lb_res.c,139,clflush at src/clht_lb_res.c:159,clflush,src/clht_lb_res.c,159,clht_put at src/clht_lb_res.c:556,clht_put,src/clht_lb_res.c,556,_ZZ3runPPcENK3$_0clEv at example-nothread.cpp:109,_ZZ3runPPcENK3$_0clEv,example-nothread.cpp,109,_Z3runPPc at example-nothread.cpp:114,_Z3runPPc,example-nothread.cpp,114,__klee_posix_wrapped_main at example-nothread.cpp:204,__klee_posix_wrapped_main,example-nothread.cpp,204,__klee_posix_ctor_stub_insert_point at runtime/POSIX/./klee_init_env.c:491,__klee_posix_ctor_stub_insert_point,runtime/POSIX/./klee_init_env.c,491,__user_main at runtime/POSIX/./klee_init_env.c:499,__user_main,runtime/POSIX/./klee_init_env.c,499,__uClibc_main at libc/misc/internals/__uClibc_main.c:401,__uClibc_main,libc/misc/internals/__uClibc_main.c,401.0,main,main,,0.0,,,,,,,,,,,,,,,,,,,,,,,,,,,,,,,,,,,,,,,,,,,,,,,,,,,,,,,,,,,,,,,,,,,,,14,mfence at src/clht_lb_res.c:139
42,3817151860805800203,2745270245,write (unpersisted),102,clht_put at src/clht_lb_res.c:557,clht_put,src/clht_lb_res.c,557,_ZZ3runPPcENK3$_0clEv at example-nothread.cpp:109,_ZZ3runPPcENK3$_0clEv,example-nothread.cpp,109,_Z3runPPc at example-nothread.cpp:114,_Z3runPPc,example-nothread.cpp,114,__klee_posix_wrapped_main at example-nothread.cpp:204,__klee_posix_wrapped_main,example-nothread.cpp,204,__klee_posix_ctor_stub_insert_point at runtime/POSIX/./klee_init_env.c:491,__klee_posix_ctor_stub_insert_point,runtime/POSIX/./klee_init_env.c,491,__user_main at runtime/POSIX/./klee_init_env.c:499,__user_main,runtime/POSIX/./klee_init_env.c,499,__uClibc_main at libc/misc/internals/__uClibc_main.c:401,__uClibc_main,libc/misc/internals/__uClibc_main.c,401,main,main,,0,,,,,,,,,,,,,,,,,,,,,,,,,,,,,,,,,,,,,,,,,,,,,,,,,,,,,,,,,,,,,,,,,,,,,,,,,,,,,14,clht_put at src/clht_lb_res.c:557
43,17926551099192191780,2745272165,fence (unnecessary),21884,mfence at src/clht_lb_res.c:139,mfence,src/clht_lb_res.c,139,clflush at src/clht_lb_res.c:146,clflush,src/clht_lb_res.c,146,clht_put at src/clht_lb_res.c:559,clht_put,src/clht_lb_res.c,559,_ZZ3runPPcENK3$_0clEv at example-nothread.cpp:109,_ZZ3runPPcENK3$_0clEv,example-nothread.cpp,109,_Z3runPPc at example-nothread.cpp:114,_Z3runPPc,example-nothread.cpp,114,__klee_posix_wrapped_main at example-nothread.cpp:204,__klee_posix_wrapped_main,example-nothread.cpp,204,__klee_posix_ctor_stub_insert_point at runtime/POSIX/./klee_init_env.c:491,__klee_posix_ctor_stub_insert_point,runtime/POSIX/./klee_init_env.c,491,__user_main at runtime/POSIX/./klee_init_env.c:499,__user_main,runtime/POSIX/./klee_init_env.c,499,__uClibc_main at libc/misc/internals/__uClibc_main.c:401,__uClibc_main,libc/misc/internals/__uClibc_main.c,401.0,main,main,,0.0,,,,,,,,,,,,,,,,,,,,,,,,,,,,,,,,,,,,,,,,,,,,,,,,,,,,,,,,,,,,,,,,,,,,,14,mfence at src/clht_lb_res.c:139
44,14594095548159221623,2745275518,fence (unnecessary),21884,mfence at src/clht_lb_res.c:139,mfence,src/clht_lb_res.c,139,clflush at src/clht_lb_res.c:159,clflush,src/clht_lb_res.c,159,clht_put at src/clht_lb_res.c:559,clht_put,src/clht_lb_res.c,559,_ZZ3runPPcENK3$_0clEv at example-nothread.cpp:109,_ZZ3runPPcENK3$_0clEv,example-nothread.cpp,109,_Z3runPPc at example-nothread.cpp:114,_Z3runPPc,example-nothread.cpp,114,__klee_posix_wrapped_main at example-nothread.cpp:204,__klee_posix_wrapped_main,example-nothread.cpp,204,__klee_posix_ctor_stub_insert_point at runtime/POSIX/./klee_init_env.c:491,__klee_posix_ctor_stub_insert_point,runtime/POSIX/./klee_init_env.c,491,__user_main at runtime/POSIX/./klee_init_env.c:499,__user_main,runtime/POSIX/./klee_init_env.c,499,__uClibc_main at libc/misc/internals/__uClibc_main.c:401,__uClibc_main,libc/misc/internals/__uClibc_main.c,401.0,main,main,,0.0,,,,,,,,,,,,,,,,,,,,,,,,,,,,,,,,,,,,,,,,,,,,,,,,,,,,,,,,,,,,,,,,,,,,,14,mfence at src/clht_lb_res.c:139
45,14198028529363302609,2749150288,write (unpersisted),86,lock_acq_resize at include/clht_lb_res.h:352,lock_acq_resize,include/clht_lb_res.h,352,bucket_cpy at src/clht_lb_res.c:726,bucket_cpy,src/clht_lb_res.c,726,ht_resize_pes at src/clht_lb_res.c:849,ht_resize_pes,src/clht_lb_res.c,849,ht_status at src/clht_lb_res.c:1112,ht_status,src/clht_lb_res.c,1112,clht_put at src/clht_lb_res.c:597,clht_put,src/clht_lb_res.c,597,_ZZ3runPPcENK3$_0clEv at example-nothread.cpp:109,_ZZ3runPPcENK3$_0clEv,example-nothread.cpp,109,_Z3runPPc at example-nothread.cpp:114,_Z3runPPc,example-nothread.cpp,114,__klee_posix_wrapped_main at example-nothread.cpp:204,__klee_posix_wrapped_main,example-nothread.cpp,204,__klee_posix_ctor_stub_insert_point at runtime/POSIX/./klee_init_env.c:491,__klee_posix_ctor_stub_insert_point,runtime/POSIX/./klee_init_env.c,491.0,__user_main at runtime/POSIX/./klee_init_env.c:499,__user_main,runtime/POSIX/./klee_init_env.c,499.0,__uClibc_main at libc/misc/internals/__uClibc_main.c:401,__uClibc_main,libc/misc/internals/__uClibc_main.c,401.0,main,main,,0.0,,,,,,,,,,,,,,,,,,,,,,,,,,,,,,,,,,,,,,,,,,,,,,,,,,,,,,,,,,,,,14,lock_acq_resize at include/clht_lb_res.h:352
46,692093120208024020,2749534424,flush (never modified),14,clflush at src/clht_lb_res.c:154,clflush,src/clht_lb_res.c,154,ht_resize_pes at src/clht_lb_res.c:895,ht_resize_pes,src/clht_lb_res.c,895,ht_status at src/clht_lb_res.c:1112,ht_status,src/clht_lb_res.c,1112,clht_put at src/clht_lb_res.c:597,clht_put,src/clht_lb_res.c,597,_ZZ3runPPcENK3$_0clEv at example-nothread.cpp:109,_ZZ3runPPcENK3$_0clEv,example-nothread.cpp,109,_Z3runPPc at example-nothread.cpp:114,_Z3runPPc,example-nothread.cpp,114,__klee_posix_wrapped_main at example-nothread.cpp:204,__klee_posix_wrapped_main,example-nothread.cpp,204,__klee_posix_ctor_stub_insert_point at runtime/POSIX/./klee_init_env.c:491,__klee_posix_ctor_stub_insert_point,runtime/POSIX/./klee_init_env.c,491,__user_main at runtime/POSIX/./klee_init_env.c:499,__user_main,runtime/POSIX/./klee_init_env.c,499.0,__uClibc_main at libc/misc/internals/__uClibc_main.c:401,__uClibc_main,libc/misc/internals/__uClibc_main.c,401.0,main,main,,0.0,,,,,,,,,,,,,,,,,,,,,,,,,,,,,,,,,,,,,,,,,,,,,,,,,,,,,,,,,,,,,,,,,14,ht_resize_pes at src/clht_lb_res.c:895
47,3297230423911445501,2749605266,fence (unnecessary),14,mfence at src/clht_lb_res.c:139,mfence,src/clht_lb_res.c,139,clflush at src/clht_lb_res.c:146,clflush,src/clht_lb_res.c,146,ht_resize_pes at src/clht_lb_res.c:941,ht_resize_pes,src/clht_lb_res.c,941,ht_status at src/clht_lb_res.c:1112,ht_status,src/clht_lb_res.c,1112,clht_put at src/clht_lb_res.c:597,clht_put,src/clht_lb_res.c,597,_ZZ3runPPcENK3$_0clEv at example-nothread.cpp:109,_ZZ3runPPcENK3$_0clEv,example-nothread.cpp,109,_Z3runPPc at example-nothread.cpp:114,_Z3runPPc,example-nothread.cpp,114,__klee_posix_wrapped_main at example-nothread.cpp:204,__klee_posix_wrapped_main,example-nothread.cpp,204,__klee_posix_ctor_stub_insert_point at runtime/POSIX/./klee_init_env.c:491,__klee_posix_ctor_stub_insert_point,runtime/POSIX/./klee_init_env.c,491.0,__user_main at runtime/POSIX/./klee_init_env.c:499,__user_main,runtime/POSIX/./klee_init_env.c,499.0,__uClibc_main at libc/misc/internals/__uClibc_main.c:401,__uClibc_main,libc/misc/internals/__uClibc_main.c,401.0,main,main,,0.0,,,,,,,,,,,,,,,,,,,,,,,,,,,,,,,,,,,,,,,,,,,,,,,,,,,,,,,,,,,,,14,mfence at src/clht_lb_res.c:139
48,17336722330467547538,2749612226,write (unpersisted),86,ht_resize_pes at src/clht_lb_res.c:973,ht_resize_pes,src/clht_lb_res.c,973,ht_status at src/clht_lb_res.c:1112,ht_status,src/clht_lb_res.c,1112,clht_put at src/clht_lb_res.c:597,clht_put,src/clht_lb_res.c,597,_ZZ3runPPcENK3$_0clEv at example-nothread.cpp:109,_ZZ3runPPcENK3$_0clEv,example-nothread.cpp,109,_Z3runPPc at example-nothread.cpp:114,_Z3runPPc,example-nothread.cpp,114,__klee_posix_wrapped_main at example-nothread.cpp:204,__klee_posix_wrapped_main,example-nothread.cpp,204,__klee_posix_ctor_stub_insert_point at runtime/POSIX/./klee_init_env.c:491,__klee_posix_ctor_stub_insert_point,runtime/POSIX/./klee_init_env.c,491,__user_main at runtime/POSIX/./klee_init_env.c:499,__user_main,runtime/POSIX/./klee_init_env.c,499,__uClibc_main at libc/misc/internals/__uClibc_main.c:401,__uClibc_main,libc/misc/internals/__uClibc_main.c,401.0,main,main,,0.0,,,,,,,,,,,,,,,,,,,,,,,,,,,,,,,,,,,,,,,,,,,,,,,,,,,,,,,,,,,,,,,,,,,,,14,ht_resize_pes at src/clht_lb_res.c:973
49,2211765782482430393,2749614346,write (unpersisted),86,ht_resize_pes at src/clht_lb_res.c:974,ht_resize_pes,src/clht_lb_res.c,974,ht_status at src/clht_lb_res.c:1112,ht_status,src/clht_lb_res.c,1112,clht_put at src/clht_lb_res.c:597,clht_put,src/clht_lb_res.c,597,_ZZ3runPPcENK3$_0clEv at example-nothread.cpp:109,_ZZ3runPPcENK3$_0clEv,example-nothread.cpp,109,_Z3runPPc at example-nothread.cpp:114,_Z3runPPc,example-nothread.cpp,114,__klee_posix_wrapped_main at example-nothread.cpp:204,__klee_posix_wrapped_main,example-nothread.cpp,204,__klee_posix_ctor_stub_insert_point at runtime/POSIX/./klee_init_env.c:491,__klee_posix_ctor_stub_insert_point,runtime/POSIX/./klee_init_env.c,491,__user_main at runtime/POSIX/./klee_init_env.c:499,__user_main,runtime/POSIX/./klee_init_env.c,499,__uClibc_main at libc/misc/internals/__uClibc_main.c:401,__uClibc_main,libc/misc/internals/__uClibc_main.c,401.0,main,main,,0.0,,,,,,,,,,,,,,,,,,,,,,,,,,,,,,,,,,,,,,,,,,,,,,,,,,,,,,,,,,,,,,,,,,,,,14,ht_resize_pes at src/clht_lb_res.c:974
